name,username
mohamad yunus,@sunuymuhammad
ğ‘ğ¡ğ,@rhestudy
jihanasyifa,@jihanasyifaaa
HoU lelah hidup,@bengbenggorenk
liv â˜½ï¸,@vanillalav
nanda,@Nanda160304
Yera,@yerz__
aya,@owhkotsu
yy ğ–¦¹ Ë–Â°â‹† à¬“,@BUSlNESSLAW
mouw,@meii89046
CAMABA FISIP'24,@cessatea
( Â´â—¡â€¿ã‚â—¡`),@keonariel
pikacuhi,@pikaacuhii
Seolalie,@seolaliee
@Fluorine_heit,Ikuti
aksldgakahshaha,@prettthh
ğŒ.,@uhutao
FIO,@0208JPG
ã‚¨ãƒãƒ³ (âœ¿^â€¿^),@enonahana
Victor â€œViperâ€ Chandra,@mzmznasipadang
BINUS Kemanggisan,@BINUS_KMG
